{"format_version":"1.12.0","minecraft:geometry":[{"description":{"identifier":"geometry.Larguage","texture_width":128,"texture_height":128,"visible_bounds_width":4,"visible_bounds_height":4.5,"visible_bounds_offset":[0,1.75,0]},"bones":[{"name":"parachute","pivot":[-8,8,8],"cubes":[{"origin":[-1,16,0],"size":[1,0.5,1],"uv":{"north":{"uv":[0,0],"uv_size":[1,0.125]},"east":{"uv":[0,0],"uv_size":[1,0.125]},"south":{"uv":[0,0],"uv_size":[1,0.125]},"west":{"uv":[0,0],"uv_size":[1,0.125]},"up":{"uv":[1,0.125],"uv_size":[-1,-0.125]},"down":{"uv":[1,0.125],"uv_size":[-1,-0.125]}}},{"origin":[-16,16,0],"size":[1,0.5,1],"uv":{"north":{"uv":[0,0],"uv_size":[1,0.125]},"east":{"uv":[0,0],"uv_size":[1,0.125]},"south":{"uv":[0,0],"uv_size":[1,0.125]},"west":{"uv":[0,0],"uv_size":[1,0.125]},"up":{"uv":[1,0.125],"uv_size":[-1,-0.125]},"down":{"uv":[1,0.125],"uv_size":[-1,-0.125]}}},{"origin":[-16,16,15],"size":[1,0.5,1],"uv":{"north":{"uv":[0,0],"uv_size":[1,0.125]},"east":{"uv":[0,0],"uv_size":[1,0.125]},"south":{"uv":[0,0],"uv_size":[1,0.125]},"west":{"uv":[0,0],"uv_size":[1,0.125]},"up":{"uv":[1,0.125],"uv_size":[-1,-0.125]},"down":{"uv":[1,0.125],"uv_size":[-1,-0.125]}}},{"origin":[-1,16,15],"size":[1,0.5,1],"uv":{"north":{"uv":[0,0],"uv_size":[1,0.125]},"east":{"uv":[0,0],"uv_size":[1,0.125]},"south":{"uv":[0,0],"uv_size":[1,0.125]},"west":{"uv":[0,0],"uv_size":[1,0.125]},"up":{"uv":[1,0.125],"uv_size":[-1,-0.125]},"down":{"uv":[1,0.125],"uv_size":[-1,-0.125]}}}]},{"name":"barre_1","parent":"parachute","pivot":[-8,8.3,8],"cubes":[{"origin":[-1.3,15.3,0.3],"size":[0.5,13,0.5],"pivot":[-8,8.3,8],"rotation":[0,0,4],"uv":{"north":{"uv":[23,5],"uv_size":[1,11.125]},"east":{"uv":[23,5],"uv_size":[1,11.125]},"south":{"uv":[23,5],"uv_size":[1,11.125]},"west":{"uv":[23,5],"uv_size":[1,11.125]},"up":{"uv":[24,16.125],"uv_size":[-1,-11.125]},"down":{"uv":[24,16.125],"uv_size":[-1,-11.125]}}},{"origin":[-1.3,15.3,15.3],"size":[0.5,13,0.5],"pivot":[-8,8.3,8],"rotation":[0,0,4],"uv":{"north":{"uv":[23,5],"uv_size":[1,11.125]},"east":{"uv":[23,5],"uv_size":[1,11.125]},"south":{"uv":[23,5],"uv_size":[1,11.125]},"west":{"uv":[23,5],"uv_size":[1,11.125]},"up":{"uv":[1,16.125],"uv_size":[-1,-11.125]},"down":{"uv":[24,16.125],"uv_size":[-1,-11.125]}}}]},{"name":"barre_2","parent":"parachute","pivot":[-21.3,7,8],"cubes":[{"origin":[-15.1,15.3,15.3],"size":[0.5,13,0.5],"pivot":[-8,8.3,8],"rotation":[0,0,-4],"uv":{"north":{"uv":[23,5],"uv_size":[1,11.125]},"east":{"uv":[23,5],"uv_size":[1,11.125]},"south":{"uv":[23,5],"uv_size":[1,0.125]},"west":{"uv":[23,5],"uv_size":[1,11.125]},"up":{"uv":[24,5.125],"uv_size":[-1,-0.125]},"down":{"uv":[24,16.125],"uv_size":[-1,-11.125]}}},{"origin":[-15.1,15.3,0.3],"size":[0.5,13,0.5],"pivot":[-8,8.3,8],"rotation":[0,0,-4],"uv":{"north":{"uv":[23,5],"uv_size":[1,11.125]},"east":{"uv":[23,5],"uv_size":[1,11.125]},"south":{"uv":[23,5],"uv_size":[1,0.125]},"west":{"uv":[23,5],"uv_size":[1,11.125]},"up":{"uv":[24,5.125],"uv_size":[-1,-0.125]},"down":{"uv":[24,16.125],"uv_size":[-1,-11.125]}}}]},{"name":"Ballon","parent":"parachute","pivot":[-8,8,8],"cubes":[{"origin":[-16.7,26.7,-1],"size":[17.5,3,17.5],"uv":{"north":{"uv":[28,5],"uv_size":[15,11.125]},"east":{"uv":[28,5],"uv_size":[15,11.125]},"south":{"uv":[28,5],"uv_size":[15,11.125]},"west":{"uv":[28,5],"uv_size":[15,11.125]},"up":{"uv":[43,16.125],"uv_size":[-15,-11.125]},"down":{"uv":[43,16.125],"uv_size":[-15,-11.125]}}},{"origin":[-17.7,29.7,-2],"size":[19.5,6,19.5],"uv":{"north":{"uv":[28,5],"uv_size":[15,11.125]},"east":{"uv":[28,5],"uv_size":[15,11.125]},"south":{"uv":[28,5],"uv_size":[15,11.125]},"west":{"uv":[28,5],"uv_size":[15,11.125]},"up":{"uv":[43,16.125],"uv_size":[-15,-11.125]},"down":{"uv":[43,16.125],"uv_size":[-15,-11.125]}}},{"origin":[-18.3,33.7,-2.7],"size":[20.8,17.7,20.8],"uv":{"north":{"uv":[28,5],"uv_size":[15,11.125]},"east":{"uv":[28,5],"uv_size":[15,11.125]},"south":{"uv":[28,5],"uv_size":[15,11.125]},"west":{"uv":[28,5],"uv_size":[15,11.125]},"up":{"uv":[43,16.125],"uv_size":[-15,-11.125]},"down":{"uv":[43,16.125],"uv_size":[-15,-11.125]}}},{"origin":[-17.3,47.1,-1.7],"size":[18.8,6,18.8],"uv":{"north":{"uv":[28,5],"uv_size":[15,11.125]},"east":{"uv":[28,5],"uv_size":[15,11.125]},"south":{"uv":[28,5],"uv_size":[15,11.125]},"west":{"uv":[28,5],"uv_size":[15,11.125]},"up":{"uv":[43,16.125],"uv_size":[-15,-11.125]},"down":{"uv":[43,16.125],"uv_size":[-15,-11.125]}}}]},{"name":"crates","pivot":[-8,8,8]},{"name":"bottom","parent":"crates","pivot":[-8,8,8],"cubes":[{"origin":[-0.5,0,0],"size":[1,1,16],"uv":{"north":{"uv":[0,15.875],"uv_size":[16,-0.875]},"east":{"uv":[0,15.875],"uv_size":[16,-0.875]},"south":{"uv":[0,14],"uv_size":[1,-0.875]},"west":{"uv":[0,1.875],"uv_size":[16,0.125]},"up":{"uv":[16,15],"uv_size":[-16,0.875]},"down":{"uv":[16,15],"uv_size":[-16,0.875]}}},{"origin":[-16,0,-0.5],"size":[16,1,1],"uv":{"north":{"uv":[0,15.875],"uv_size":[16,-0.875]},"east":{"uv":[0,16],"uv_size":[16,-0.875]},"south":{"uv":[0,15.875],"uv_size":[16,-0.875]},"west":{"uv":[0,1.875],"uv_size":[16,0.125]},"up":{"uv":[16,15],"uv_size":[-16,0.875]},"down":{"uv":[16,15],"uv_size":[-16,0.875]}}},{"origin":[-16,0,15.5],"size":[16,1,1],"uv":{"north":{"uv":[0,15.875],"uv_size":[16,-0.875]},"east":{"uv":[0,14],"uv_size":[1,-0.875]},"south":{"uv":[0,15.875],"uv_size":[16,-0.875]},"west":{"uv":[0,1.875],"uv_size":[16,0.125]},"up":{"uv":[16,15],"uv_size":[-16,0.875]},"down":{"uv":[16,15],"uv_size":[-16,0.875]}}},{"origin":[-16.5,0,0],"size":[1,1,16],"uv":{"north":{"uv":[0,15.875],"uv_size":[16,-0.875]},"east":{"uv":[0,15.875],"uv_size":[16,-0.875]},"south":{"uv":[0,14],"uv_size":[1,-0.875]},"west":{"uv":[0,1.875],"uv_size":[16,0.125]},"up":{"uv":[16,15],"uv_size":[-16,0.875]},"down":{"uv":[16,15],"uv_size":[-16,0.875]}}}]},{"name":"top","parent":"crates","pivot":[-8,8,8],"cubes":[{"origin":[-16,15,-0.5],"size":[16,1,1],"uv":{"north":{"uv":[0,0],"uv_size":[16,0.125]},"east":{"uv":[0,0],"uv_size":[1,0.125]},"south":{"uv":[0,0],"uv_size":[16,0.125]},"west":{"uv":[0,0],"uv_size":[16,0.125]},"up":{"uv":[16,0.125],"uv_size":[-16,-0.125]},"down":{"uv":[16,1.125],"uv_size":[-16,-1.125]}}},{"origin":[-16,15,15.5],"size":[16,1,1],"uv":{"north":{"uv":[0,0],"uv_size":[16,0.125]},"east":{"uv":[0,0],"uv_size":[1,0.125]},"south":{"uv":[0,0],"uv_size":[16,0.125]},"west":{"uv":[0,0],"uv_size":[16,0.125]},"up":{"uv":[16,0.125],"uv_size":[-16,-0.125]},"down":{"uv":[16,1.125],"uv_size":[-16,-1.125]}}},{"origin":[-16.5,15,0],"size":[1,1,16],"uv":{"north":{"uv":[0,0],"uv_size":[16,0.125]},"east":{"uv":[0,0],"uv_size":[16,0.125]},"south":{"uv":[0,0],"uv_size":[1,0.125]},"west":{"uv":[0,0],"uv_size":[16,0.125]},"up":{"uv":[16,0.125],"uv_size":[-16,-0.125]},"down":{"uv":[16,1.125],"uv_size":[-16,-1.125]}}},{"origin":[-0.5,15,0],"size":[1,1,16],"uv":{"north":{"uv":[0,0],"uv_size":[16,0.125]},"east":{"uv":[0,0],"uv_size":[16,0.125]},"south":{"uv":[0,0],"uv_size":[1,0.125]},"west":{"uv":[0,0],"uv_size":[16,0.125]},"up":{"uv":[16,0.125],"uv_size":[-16,-0.125]},"down":{"uv":[16,1.125],"uv_size":[-16,-1.125]}}}]},{"name":"vis","parent":"crates","pivot":[-8,8,8]},{"name":"face_5","parent":"vis","pivot":[-8,8,8],"cubes":[{"origin":[-0.7,14,1],"size":[1,1,1],"uv":{"north":{"uv":[14,14.125],"uv_size":[1,0.125]},"east":{"uv":[14,15.125],"uv_size":[1,-0.875]},"south":{"uv":[14,14.125],"uv_size":[1,0.125]},"west":{"uv":[14,14.125],"uv_size":[1,0.125]},"up":{"uv":[15,14.25],"uv_size":[-1,-0.125]},"down":{"uv":[15,14.25],"uv_size":[-1,-0.125]}}},{"origin":[-0.7,14,14],"size":[1,1,1],"uv":{"north":{"uv":[14,14.125],"uv_size":[1,0.125]},"east":{"uv":[14,15.125],"uv_size":[1,-0.875]},"south":{"uv":[14,14.125],"uv_size":[1,0.125]},"west":{"uv":[14,14.125],"uv_size":[1,0.125]},"up":{"uv":[15,14.25],"uv_size":[-1,-0.125]},"down":{"uv":[15,14.25],"uv_size":[-1,-0.125]}}},{"origin":[-0.7,1,14],"size":[1,1,1],"uv":{"north":{"uv":[14,14.125],"uv_size":[1,0.125]},"east":{"uv":[14,15.125],"uv_size":[1,-0.875]},"south":{"uv":[14,14.125],"uv_size":[1,0.125]},"west":{"uv":[14,14.125],"uv_size":[1,0.125]},"up":{"uv":[15,14.25],"uv_size":[-1,-0.125]},"down":{"uv":[15,14.25],"uv_size":[-1,-0.125]}}},{"origin":[-0.7,1,1],"size":[1,1,1],"uv":{"north":{"uv":[14,14.125],"uv_size":[1,0.125]},"east":{"uv":[14,15.125],"uv_size":[1,-0.875]},"south":{"uv":[14,14.125],"uv_size":[1,0.125]},"west":{"uv":[14,14.125],"uv_size":[1,0.125]},"up":{"uv":[15,14.25],"uv_size":[-1,-0.125]},"down":{"uv":[15,14.25],"uv_size":[-1,-0.125]}}}]},{"name":"face_8","parent":"vis","pivot":[-8,8,8],"cubes":[{"origin":[-16.3,14,1],"size":[1,1,1],"uv":{"north":{"uv":[14,14.125],"uv_size":[1,0.125]},"east":{"uv":[14,15.125],"uv_size":[1,-0.875]},"south":{"uv":[14,14.125],"uv_size":[1,0.125]},"west":{"uv":[14,14.125],"uv_size":[1,0.125]},"up":{"uv":[15,14.25],"uv_size":[-1,-0.125]},"down":{"uv":[15,14.25],"uv_size":[-1,-0.125]}}},{"origin":[-16.3,14,14],"size":[1,1,1],"uv":{"north":{"uv":[14,14.125],"uv_size":[1,0.125]},"east":{"uv":[14,15.125],"uv_size":[1,-0.875]},"south":{"uv":[14,14.125],"uv_size":[1,0.125]},"west":{"uv":[14,14.125],"uv_size":[1,0.125]},"up":{"uv":[15,14.25],"uv_size":[-1,-0.125]},"down":{"uv":[15,14.25],"uv_size":[-1,-0.125]}}},{"origin":[-16.3,1,14],"size":[1,1,1],"uv":{"north":{"uv":[14,14.125],"uv_size":[1,0.125]},"east":{"uv":[14,15.125],"uv_size":[1,-0.875]},"south":{"uv":[14,14.125],"uv_size":[1,0.125]},"west":{"uv":[14,14.125],"uv_size":[1,0.125]},"up":{"uv":[15,14.25],"uv_size":[-1,-0.125]},"down":{"uv":[15,14.25],"uv_size":[-1,-0.125]}}},{"origin":[-16.3,1,1],"size":[1,1,1],"uv":{"north":{"uv":[14,14.125],"uv_size":[1,0.125]},"east":{"uv":[14,15.125],"uv_size":[1,-0.875]},"south":{"uv":[14,14.125],"uv_size":[1,0.125]},"west":{"uv":[14,14.125],"uv_size":[1,0.125]},"up":{"uv":[15,14.25],"uv_size":[-1,-0.125]},"down":{"uv":[15,14.25],"uv_size":[-1,-0.125]}}}]},{"name":"face_6","parent":"vis","pivot":[-8,8,8],"cubes":[{"origin":[-15,14,-0.3],"size":[1,1,1],"uv":{"north":{"uv":[14,14.125],"uv_size":[1,0.125]},"east":{"uv":[14,15.125],"uv_size":[1,-0.875]},"south":{"uv":[14,14.125],"uv_size":[1,0.125]},"west":{"uv":[14,14.125],"uv_size":[1,0.125]},"up":{"uv":[15,14.25],"uv_size":[-1,-0.125]},"down":{"uv":[15,14.25],"uv_size":[-1,-0.125]}}},{"origin":[-2,14,-0.3],"size":[1,1,1],"uv":{"north":{"uv":[14,14.125],"uv_size":[1,0.125]},"east":{"uv":[14,15.125],"uv_size":[1,-0.875]},"south":{"uv":[14,14.125],"uv_size":[1,0.125]},"west":{"uv":[14,14.125],"uv_size":[1,0.125]},"up":{"uv":[15,14.25],"uv_size":[-1,-0.125]},"down":{"uv":[15,14.25],"uv_size":[-1,-0.125]}}},{"origin":[-2,1,-0.3],"size":[1,1,1],"uv":{"north":{"uv":[14,14.125],"uv_size":[1,0.125]},"east":{"uv":[14,15.125],"uv_size":[1,-0.875]},"south":{"uv":[14,14.125],"uv_size":[1,0.125]},"west":{"uv":[14,14.125],"uv_size":[1,0.125]},"up":{"uv":[15,14.25],"uv_size":[-1,-0.125]},"down":{"uv":[15,14.25],"uv_size":[-1,-0.125]}}},{"origin":[-15,1,-0.3],"size":[1,1,1],"uv":{"north":{"uv":[14,14.125],"uv_size":[1,0.125]},"east":{"uv":[14,15.125],"uv_size":[1,-0.875]},"south":{"uv":[14,14.125],"uv_size":[1,0.125]},"west":{"uv":[14,14.125],"uv_size":[1,0.125]},"up":{"uv":[15,14.25],"uv_size":[-1,-0.125]},"down":{"uv":[15,14.25],"uv_size":[-1,-0.125]}}}]},{"name":"face_7","parent":"vis","pivot":[-8,8,8],"cubes":[{"origin":[-15,14,15.3],"size":[1,1,1],"uv":{"north":{"uv":[14,14.125],"uv_size":[1,0.125]},"east":{"uv":[14,15.125],"uv_size":[1,-0.875]},"south":{"uv":[14,14.125],"uv_size":[1,0.125]},"west":{"uv":[14,14.125],"uv_size":[1,0.125]},"up":{"uv":[15,14.25],"uv_size":[-1,-0.125]},"down":{"uv":[15,14.25],"uv_size":[-1,-0.125]}}},{"origin":[-2,14,15.3],"size":[1,1,1],"uv":{"north":{"uv":[14,14.125],"uv_size":[1,0.125]},"east":{"uv":[14,15.125],"uv_size":[1,-0.875]},"south":{"uv":[14,14.125],"uv_size":[1,0.125]},"west":{"uv":[14,14.125],"uv_size":[1,0.125]},"up":{"uv":[15,14.25],"uv_size":[-1,-0.125]},"down":{"uv":[15,14.25],"uv_size":[-1,-0.125]}}},{"origin":[-2,1,15.3],"size":[1,1,1],"uv":{"north":{"uv":[14,14.125],"uv_size":[1,0.125]},"east":{"uv":[14,15.125],"uv_size":[1,-0.875]},"south":{"uv":[14,14.125],"uv_size":[1,0.125]},"west":{"uv":[14,14.125],"uv_size":[1,0.125]},"up":{"uv":[15,14.25],"uv_size":[-1,-0.125]},"down":{"uv":[15,14.25],"uv_size":[-1,-0.125]}}},{"origin":[-15,1,15.3],"size":[1,1,1],"uv":{"north":{"uv":[14,14.125],"uv_size":[1,0.125]},"east":{"uv":[14,15.125],"uv_size":[1,-0.875]},"south":{"uv":[14,14.125],"uv_size":[1,0.125]},"west":{"uv":[14,14.125],"uv_size":[1,0.125]},"up":{"uv":[15,14.25],"uv_size":[-1,-0.125]},"down":{"uv":[15,14.25],"uv_size":[-1,-0.125]}}}]},{"name":"face","parent":"crates","pivot":[-8,8,8]},{"name":"face_1","parent":"face","pivot":[-8,8,8],"cubes":[{"origin":[-1,0,-0.5],"size":[1,16,1],"uv":{"north":{"uv":[0,0],"uv_size":[1,2]},"east":{"uv":[0,0],"uv_size":[1,16]},"south":{"uv":[0,0],"uv_size":[1,2]},"west":{"uv":[0,0],"uv_size":[1,2]},"up":{"uv":[1,2],"uv_size":[-1,-2]},"down":{"uv":[1,2],"uv_size":[-1,-2]}}},{"origin":[-16,0,-0.5],"size":[1,16,1],"uv":{"north":{"uv":[15,0],"uv_size":[1,2]},"east":{"uv":[15,0],"uv_size":[1,16]},"south":{"uv":[15,0],"uv_size":[1,2]},"west":{"uv":[15,0],"uv_size":[1,2]},"up":{"uv":[16,2],"uv_size":[-1,-2]},"down":{"uv":[16,2],"uv_size":[-1,-2]}}}]},{"name":"face_2","parent":"face","pivot":[-8,8,8],"cubes":[{"origin":[-1,0,15.5],"size":[1,16,1],"uv":{"north":{"uv":[0,0],"uv_size":[1,2]},"east":{"uv":[0,0],"uv_size":[1,16]},"south":{"uv":[0,0],"uv_size":[1,2]},"west":{"uv":[0,0],"uv_size":[1,2]},"up":{"uv":[1,2],"uv_size":[-1,-2]},"down":{"uv":[1,2],"uv_size":[-1,-2]}}},{"origin":[-16,0,15.5],"size":[1,16,1],"uv":{"north":{"uv":[15,0],"uv_size":[1,2]},"east":{"uv":[15,0],"uv_size":[1,16]},"south":{"uv":[15,0],"uv_size":[1,2]},"west":{"uv":[15,0],"uv_size":[1,2]},"up":{"uv":[16,2],"uv_size":[-1,-2]},"down":{"uv":[16,2],"uv_size":[-1,-2]}}}]},{"name":"face_3","parent":"face","pivot":[-8,8,8],"cubes":[{"origin":[-16.5,0,15],"size":[1,16,1],"uv":{"north":{"uv":[0,0],"uv_size":[1,2]},"east":{"uv":[0,0],"uv_size":[1,16]},"south":{"uv":[0,0],"uv_size":[1,2]},"west":{"uv":[0,0],"uv_size":[1,2]},"up":{"uv":[1,2],"uv_size":[-1,-2]},"down":{"uv":[1,2],"uv_size":[-1,-2]}}},{"origin":[-16.5,0,0],"size":[1,16,1],"uv":{"north":{"uv":[15,0],"uv_size":[1,2]},"east":{"uv":[15,0],"uv_size":[1,16]},"south":{"uv":[15,0],"uv_size":[1,2]},"west":{"uv":[15,0],"uv_size":[1,2]},"up":{"uv":[16,2],"uv_size":[-1,-2]},"down":{"uv":[16,2],"uv_size":[-1,-2]}}}]},{"name":"face_4","parent":"face","pivot":[-8,8,8],"cubes":[{"origin":[-0.5,0,15],"size":[1,16,1],"uv":{"north":{"uv":[0,0],"uv_size":[1,2]},"east":{"uv":[0,0],"uv_size":[1,16]},"south":{"uv":[0,0],"uv_size":[1,2]},"west":{"uv":[0,0],"uv_size":[1,2]},"up":{"uv":[1,2],"uv_size":[-1,-2]},"down":{"uv":[1,2],"uv_size":[-1,-2]}}},{"origin":[-0.5,0,0],"size":[1,16,1],"uv":{"north":{"uv":[15,0],"uv_size":[1,2]},"east":{"uv":[15,0],"uv_size":[1,16]},"south":{"uv":[15,0],"uv_size":[1,2]},"west":{"uv":[15,0],"uv_size":[1,2]},"up":{"uv":[16,2],"uv_size":[-1,-2]},"down":{"uv":[16,2],"uv_size":[-1,-2]}}}]},{"name":"bone","pivot":[0,0,0],"cubes":[{"origin":[-16,0,0],"size":[16,16,16],"uv":{"north":{"uv":[0,0],"uv_size":[16,16]},"east":{"uv":[0,0],"uv_size":[16,16]},"south":{"uv":[0,0],"uv_size":[16,16]},"west":{"uv":[0,0],"uv_size":[16,16.25]},"up":{"uv":[16,16],"uv_size":[-16,-16]},"down":{"uv":[16,16.125],"uv_size":[-16,-16.125]}}}]}]}]}